title,link,time,source
Tốn tiền mua xăng chạy xe 12km đến công ty để ngồi họp trước màn hình,https://baomoi.com/ton-tien-mua-xang-chay-xe-12km-den-cong-ty-de-ngoi-hop-truoc-man-hinh-c54660437.epi,2026-03-11T08:45:00+07:00,Báo VTC News
Hà Nội bảo đảm không để đứt gãy nguồn cung xăng dầu,https://baomoi.com/ha-noi-bao-dam-khong-de-dut-gay-nguon-cung-xang-dau-c54660453.epi,2026-03-11T08:43:00+07:00,Đài Phát thanh và truyền hình Hà Nội
"Giá xăng dầu tăng mạnh, quyết định chi Quỹ Bình ổn để giảm 'sốc'",https://baomoi.com/gia-xang-dau-tang-manh-quyet-dinh-chi-quy-binh-on-de-giam-soc-c54660342.epi,2026-03-11T08:41:00+07:00,Tạp chí VnEconomy
Giá xăng dầu biến động ra sao sau khi sử dụng quỹ bình ổn?,https://baomoi.com/gia-xang-dau-bien-dong-ra-sao-sau-khi-su-dung-quy-binh-on-c54660296.epi,2026-03-11T08:40:00+07:00,Báo Phụ Nữ Việt Nam
"Thủ tướng giao Petrovietnam đẩy mạnh khai thác, đa dạng hóa nguồn cung dầu thô",https://baomoi.com/thu-tuong-giao-petrovietnam-day-manh-khai-thac-da-dang-hoa-nguon-cung-dau-tho-c54660371.epi,2026-03-11T08:37:00+07:00,Tạp chí Petrotimes
Ông Donald Trump tuyên bố phá hủy hoàn toàn 10 tàu rải mìn Iran ở Hormuz,https://baomoi.com/ong-donald-trump-tuyen-bo-pha-huy-hoan-toan-10-tau-rai-min-iran-o-hormuz-c54660246.epi,2026-03-11T08:31:00+07:00,Báo Người Lao Động
Xoay xở với giá xăng dầu tăng cao,https://baomoi.com/xoay-xo-voi-gia-xang-dau-tang-cao-c54660222.epi,2026-03-11T08:30:00+07:00,Báo Đà Nẵng
Tạo thêm nguồn cung cho thị trường xăng dầu,https://baomoi.com/tao-them-nguon-cung-cho-thi-truong-xang-dau-c54660250.epi,2026-03-11T08:28:00+07:00,Báo Nhân Dân
"Giá dầu neo cao, doanh nghiệp dầu khí được dự báo tăng tốc lợi nhuận trong năm 2026",https://baomoi.com/gia-dau-neo-cao-doanh-nghiep-dau-khi-duoc-du-bao-tang-toc-loi-nhuan-trong-nam-2026-c54660237.epi,2026-03-11T08:27:00+07:00,Tạp chí Kinh tế Môi trường
"Mỗi lít xăng RON95-III tăng hơn 2.000 đồng, dầu hỏa giảm hơn 2.700 đồng/lít",https://baomoi.com/moi-lit-xang-ron95-iii-tang-hon-2-000-dong-dau-hoa-giam-hon-2-700-dong-lit-c54660204.epi,2026-03-11T08:25:00+07:00,Báo Nhân Dân
Rủi ro với kinh tế châu Âu,https://baomoi.com/rui-ro-voi-kinh-te-chau-au-c54660269.epi,2026-03-11T08:24:00+07:00,Báo Nhân Dân
Giá xăng RON 95-III ở mức hơn 29.000 đồng mỗi lít,https://baomoi.com/gia-xang-ron-95-iii-o-muc-hon-29-000-dong-moi-lit-c54660190.epi,2026-03-11T08:22:00+07:00,Báo VietnamPlus
"Xe ga 125cc giá 40 triệu đồng đẹp long lanh, trang bị xịn chẳng kém SH Mode, rẻ chỉ như Vision",https://baomoi.com/xe-ga-125cc-gia-40-trieu-dong-dep-long-lanh-trang-bi-xin-chang-kem-sh-mode-re-chi-nhu-vision-c54660159.epi,2026-03-11T08:15:00+07:00,Chuyên trang Gia Đình & Xã Hội - Báo Sức khỏe & Đời sống
"Giá xăng tăng trong đêm, xăng RON 95 -III lên 29.120 đồng/lít",https://baomoi.com/gia-xang-tang-trong-dem-xang-ron-95-iii-len-29-120-dong-lit-c54660320.epi,2026-03-11T08:12:00+07:00,Báo Pháp Luật Việt Nam
